FIRE_NAME,INC_NUM,AGENCY,UNIT_ID,YEAR,start_day,end_day,GIS_ACRES
COMANCHE,01127933,CCO,KRN,2011,2011-09-09,2011-09-16,25939.01171875
BRECKENRIDGE COMPLEX,01127969,CCO,KRN,2011,2011-09-09,2011-09-16,25223.412109375
LION,00002087,USF,SQF,2011,2011-07-07,2011-11-07,20681.5390625
CANYON,01127244,CCO,KRN,2011,2011-09-03,2011-09-09,14585.359375
EAGLE,00008019,CDF,MVU,2011,2011-07-20,2011-07-28,13992.9921875
REED,01127925,CCO,KRN,2011,2011-09-09,2011-09-10,5899.568359375
JOHN,00010475,CDF,BDU,2011,2011-09-12,2011-09-15,5799.84130859375
MOTOR,00002117,USF,SQF,2011,2011-08-24,2011-09-30,5230.33837890625
ANTELOPE,1117988,CCO,KRN,2011,2011-06-18,2011-06-20,5068.75341796875
NORTH,01127901,CCO,KRN,2011,2011-09-09,2011-09-10,3438.941162109375
QUINN,01118260,CCO,KRN,2011,2011-06-20,2011-06-20,3138.897216796875
INDIAN,01127902,CCO,KRN,2011,2011-09-09,2011-09-13,3068.71875
KNOB,01127930,CCO,KRN,2011,2011-09-09,2011-09-10,2709.76611328125
BLACK,01127912,CCO,KRN,2011,2011-09-09,2011-09-13,2577.5478515625
GREAT,00011019,CDF,MVU,2011,2011-09-30,2011-10-06,2133.961669921875
CATTLE,01128211,CCO,KRN,2011,2011-09-10,2011-09-10,2130.330810546875
ANNIE,00003546,BLM,NOD,2011,2011-08-17,2011-08-25,2075.77978515625
65,01129619,CCO,KRN,2011,2011-09-22,2011-09-23,2003.449951171875
COUGAR,00000002,USF,MDF,2011,2011-06-07,2011-09-04,1790.5611572265625
BAKER,01127910,CCO,KRN,2011,2011-09-09,2011-09-13,1711.3348388671875
WELLS,00000012,NPS,MNP,2011,2011-08-26,2011-09-08,1708.175048828125
SODA,00007086,CDF,SLU,2011,2011-09-02,2011-09-02,1533.4964599609375
RUTH,00001848,USF,SRF,2011,2011-09-22,2011-09-28,1457.1380615234375
SCORPION,00000003,USF,MDF,2011,2011-07-14,2011-09-04,1417.534912109375
MAMMOTH,00000005,USF,MDF,2011,2011-07-14,2011-09-04,1193.315673828125
HILL,00012829,USF,BDF,2011,2011-09-01,2011-09-01,1159.3251953125
STAGE,00000134,CDF,TUU,2011,2011-06-26,2011-06-26,1129.85498046875
MILTON,00007982,CDF,TCU,2011,2011-09-08,2011-09-08,1122.454833984375
COVE,00001234,USF,SQF,2011,2011-05-26,2011-06-01,1121.3729248046875
WILLOWS,00000046,USF,SQF,2011,2011-09-03,2011-09-11,1121.114501953125
AVALANCHE,00002558,NPS,YNP,2011,2011-07-29,2011-09-10,1068.115966796875
BUCKEYE,00000994,BLM,BBD,2011,2011-09-24,2011-10-01,1045.6090087890625
GILMAN,00071943,CDF,RRU,2011,2011-08-05,2011-08-06,1026.6387939453125
TAMARACK,00003619,NPS,YNP,2011,2011-09-12,2011-10-03,1014.1055908203125
RUSH,00003490,BLM,NOD,2012,2012-08-11,2012-10-21,315511.5
BARRY POINT ,00120680,USF,FNF,2012,2012-08-05,2012-09-16,92944.53125
CHIPS,00001001,USF,PNF,2012,2012-07-27,2012-08-30,76349.7109375
BAGLEY,00002744,USF,SHF,2012,2012-08-17,2012-10-28,46040.1484375
NORTH PASS,00001446,USF,MNF,2012,2012-06-17,2012-09-26,41812.51953125
MILL,00001109,USF,MNF,2012,2012-07-06,2012-07-17,29525.451171875
READING,00003115,NPS,LNP,2012,2012-07-22,2012-11-12,28073.203125
PONDEROSA,00006696,CDF,TGU,2012,2012-08-17,2012-10-11,27670.37890625
GOFF,00005659,USF,KNF,2012,2012-08-04,2012-09-30,22266.9453125
SIXTEEN_COMPLEX,00007072,CDF,LNU,2012,2012-09-03,2012-09-14,17942.1484375
INDIAN,00000942,BLM,CND,2012,2012-08-07,2012-08-23,12575.23828125
JAWBONE COMPLEX,00011542,BLM,CDD,2012,2012-08-09,2012-09-04,12015.2080078125
WILSON,00008747,BLM,CDD,2012,2012-08-12,2012-08-19,11667.1376953125
STWEART,00008747,BLM,CDD,2012,2012-08-12,2012-08-19,10630.2255859375
LIKLEY,00003916,BLM,CDD,2012,2012-09-04,2012-10-20,9965.59765625
BANNER FIRE,00005400,CDF,MVU,2012,2012-05-23,2012-05-28,5320.11572265625
WALKER,00006334,CDF,LNU,2012,2012-08-11,2012-08-23,5102.58251953125
SCOTTS,00006376,CDF,MEU,2012,2012-09-06,2012-09-13,4509.28759765625
SITES_COMPLEX,00005038,CDF,LNU,2012,2012-07-07,2012-07-18,4429.40087890625
STAFFORD,00002894,USF,SHF,2012,2012-09-04,2012-09-12,4406.52490234375
WILLIAMS,00004803,USF,ANF,2012,2012-09-01,2012-09-08,4192.3212890625
NELSON (W-1),00003596,BLM,NOD,2012,2012-08-16,2012-09-02,3659.465087890625
WYE,00006335,CDF,LNU,2012,2012-08-11,2012-08-23,2831.4228515625
BUCK,00080142,CDF,RRU,2012,2012-08-13,2012-08-15,2637.362548828125
ROBBERS,00015060,CDF,NEU,2012,2012-07-10,2012-07-19,2635.21142578125
SHOCKEY ,00010383,CDF,MVU,2012,2012-09-22,2012-09-26,2555.588623046875
TURKEY,00003109,CDF,BEU,2012,2012-07-08,2012-07-10,2530.048095703125
HIGHLAND,00008368,BLM,CDD,2012,2012-06-15,2012-06-19,2177.42578125
CHIHAUHAU 2,00008547,CDF,MVU,2012,2012-08-08,2012-08-11,2006.9619140625
FLAT,00002290,USF,SHF,2012,2012-07-10,2012-11-25,1720.211669921875
GEORGE,00001384,USF,SQF,2012,2012-05-31,2012-06-16,1707.58544921875
CASCADE,00001473,NPS,YNP,2012,2012-06-15,2012-11-08,1704.9259033203125
LAKE,00003101,USF,MDF,2012,2012-08-04,2012-08-08,1664.8212890625
GAINES,00009308,CDF,MMU,2012,2012-05-30,2012-05-30,1662.4000244140625
MILL,00008116,CDF,BTU,2012,2012-08-12,2012-08-22,1640.920654296875
CLEAR,01225208,CCO,KRN,2012,2012-08-09,2012-08-09,1451.6337890625
SAND,01222306,CCO,KRN,2012,2012-07-16,2012-07-16,1428.4542236328125
SPANISH,00003016,BLM,NOD,2012,2012-07-17,2012-07-25,1150.857666015625
RAMSEY,00002954,USF,STF,2012,2012-08-10,2012-08-26,1136.77587890625
FISH,00007678,USF,BDF,2012,2012-07-06,2012-07-10,1135.3468017578125
DALE,00005135,CDF,SHU,2012,2012-07-04,2012-07-06,1037.875732421875
RIM,00000006,USF,STF,2013,2013-08-16,2013-10-23,256175.53125
POWERHOUSE,00002297,USF,ANF,2013,2013-05-29,2013-12-17,30267.69140625
MOUNTAIN,00000057,CDF,BDF,2013,2013-07-14,2013-07-29,27523.666015625
AMERICAN,00000049,USF,TNF,2013,2013-08-09,2013-10-07,27430.521484375
SPRINGS,,CCO,VNC,2013,2013-05-01,2013-05-07,24059.857421875
ASPEN,00000010,USF,SNF,2013,2013-07-21,2013-09-07,22937.521484375
BUTLER,00000024,USF,SRF,2013,2013-07-30,2013-09-30,22444.861328125
SILVER,00070781,CDF,RRU,2013,2013-08-06,2013-08-12,20308.453125
SALMON COMPLEX,00005561,USF,KNF,2013,2013-07-30,2013-08-24,14785.8759765625
SPRING PEAK,00030475,USF,HTF,2013,2013-08-17,2013-08-26,14267.0927734375
CORRAL,00000044,USF,SRF,2013,2013-08-09,2013-10-01,12541.4150390625
DEER,00006768,CDF,TGU,2013,2013-08-22,2013-08-28,11428.7529296875
CLOVER,00008265,CDF,SHU,2013,2013-09-08,2013-09-14,8075.7744140625
CHARIOT,00014084,CDF,MVU,2013,2013-07-05,2013-07-14,7084.6728515625
PANTHER,00005648,CDF,BTU,2013,2013-04-30,2013-12-08,6896.1982421875
RED ROCK,00030217,BLM,CCD,2013,2013-06-30,2013-07-04,5365.24462890625
GRAND,,CCO,KRN,2013,2013-05-15,2013-05-21,4345.259765625
HATHAWAY,00000077,USF,BDF,2013,2013-06-05,2013-06-19,3779.732177734375
MCCABE,00010188,CDF,LNU,2013,2013-11-21,2013-11-26,3506.42529296875
SUMMIT,00044298,CDF,RRU,2013,2013-04-30,2013-05-03,3166.078857421875
MORGAN,00005452,CDF,SCU,2013,2013-09-07,2013-09-15,3107.7265625
FELIPE,00010345,CDF,MVU,2013,2013-05-22,2013-05-26,2780.291015625
SWEDES,00010969,CDF,BTU,2013,2013-08-05,2013-08-21,2462.239501953125
DELUZ,NA,DOD,MCP,2013,2013-10-04,2013-10-13,2229.459716796875
FISH,00000054,USF,SQF,2013,2013-08-22,2013-09-19,2049.49462890625
WHITE,00001473,USF,LPF,2013,2013-05-26,2013-07-31,1912.0496826171875
CARSTENS,00000004,USF,SNF,2013,2013-06-15,2013-07-06,1707.612548828125
FALLS,00000047,USF,CNF,2013,2013-08-04,2013-08-13,1384.3265380859375
GENERAL,00011025,CDF,MVU,2013,2013-05-25,2013-05-30,1270.865966796875
POWER,00000023,USF,STF,2013,2013-08-04,2013-08-17,1075.87744140625
FRYING PAN,006008,USF,KNF,2014,2014-08-10,2014-09-29,133177.375
KING,023461,USF,ENF,2014,2014-09-12,2014-10-09,97684.546875
BALD,003479,USF,LNF,2014,2014-07-29,2014-08-14,39752.1953125
OREGON GULCH,005589,OTH,NA,2014,2014-07-29,2014-08-12,35111.24609375
WHITES,005511,USF,KNF,2014,2014-07-29,2014-09-24,33794.4375
BEAVER,005497,USF,KNF,2014,2014-07-29,2014-10-07,32493.396484375
EILER,003502,USF,LNF,2014,2014-07-30,2014-08-23,31995.21875
COLEMAN,002798,BLM,NOD,2014,2014-06-30,2014-08-21,15242.8681640625
FRENCH,001619,USF,SNF,2014,2014-07-26,2014-08-17,13831.638671875
DAY,003472,CDF,LMU,2014,2014-07-29,2014-08-12,13150.666015625
BULLY,006248,CDF,SHU,2014,2014-07-10,2014-07-22,12658.7412109375
LODGE,007202,CDF,MEU,2014,2014-07-29,2014-09-17,12533.18359375
MONTICELLO,005465,CDF,LNU,2014,2014-07-03,2014-07-11,6599.38720703125
COFFEE,002410,USF,SHF,2014,2014-07-28,2014-10-29,6181.77294921875
LITTLE DEER,005575,USF,KNF,2014,2014-07-29,2014-08-11,5499.70654296875
MEADOW,101,NPS,YNP,2014,2014-07-19,2014-11-02,4774.4697265625
EL PORTAL,83,NPS,YNP,2014,2014-07-25,2014-11-19,4744.61669921875
BUTTS,005333,CDF,LNU,2014,2014-06-30,2014-07-08,4297.349609375
SAND,018237,CDF,AEU,2014,2014-07-25,2014-07-29,4239.27197265625
WAY,027597,CCO,KRN,2014,2014-08-17,2014-08-21,3882.42138671875
LOG,005514,USF,KNF,2014,2014-07-29,2014-08-27,3636.853271484375
SHIRLEY,001850,USF,SQF,2014,2014-06-12,2014-06-12,2546.164794921875
COCOS,010212,LRA,MVU,2014,2014-05-13,2014-05-22,1994.7872314453125
COLBY,000231,USF,ANF,2014,2014-01-15,2014-01-20,1951.8927001953125
NICOLLS,002381,USF,SQF,2014,2014-07-10,2014-07-10,1679.2169189453125
SODA,000120,USF,SQF,2014,2014-01-12,2014-03-21,1423.231689453125
GULCH ,000357,USF,MDF,2014,2014-07-02,2014-07-31,1397.348876953125
GULCH,008322,CDF,SHU,2014,2014-09-09,2014-09-11,1374.7034912109375
BERNARDO,010055,LRA,MVU,2014,2014-05-12,2014-05-17,1331.42578125
DARK HOLE,57,NPS,YNP,2014,2015-07-15,2014-09-26,1076.479248046875
MALT,003320,BLM,NOD,2014,2014-07-22,2014-07-27,1062.864013671875
ROUGH,001746,USF,SNF,2015,2015-07-30,2015-11-05,151546.8125
VALLEY ,008670,CDF,LNU,2015,2015-09-11,2015-10-05,76084.8359375
BUTTE,024918,CDF,AEU,2015,2015-09-09,2015-09-27,70846.53125
ROCKY  ,006984,CDF,LNU,2015,2015-07-28,2015-08-13,69438.1640625
HAPPY,002066,USF,SHF,2015,2015-07-29,2015-08-07,68095.2421875
LAKE,007894,USF,BDF,2015,2015-06-16,2015-12-30,31284.44140625
JERUSALEM ,007410,CDF,LNU,2015,2015-08-08,2015-08-23,25118.376953125
LASSICS,001433,USF,SRF,2015,2015-07-29,2015-09-05,18192.033203125
JOHNSON,001476,USF,SHF,2015,2015-07-29,2015-10-29,17821.107421875
WASHINGTON,030251,USF,HTF,2015,2015-07-18,2014-12-31,17779.5390625
SHEILL,002067,USF,SHF,2015,2015-07-29,2015-10-29,15390.6484375
CASTLE,002108,USF,SHF,2015,2015-06-22,2015-06-22,14253.951171875
PATTISON,002108,USF,SHF,2015,2015-07-29,2015-08-17,12916.572265625
BEAR,001488,USF,SRF,2015,2015-07-30,2015-10-30,11616.880859375
PEAK,001488,USF,SRF,2015,2015-07-31,2015-10-30,11524.46484375
PICKETT,001433,USF,SRF,2015,2015-07-29,2015-08-31,11012.802734375
DODGE,003806,BLM,NOD,2015,2015-08-02,2015-08-16,10517.5166015625
RAIL,002067,USF,SHF,2015,2015-07-29,2015-10-29,8669.771484375
GOBBLER,001433,USF,SRF,2015,2015-07-29,2015-08-31,8305.0185546875
WRAGG ,006678,CDF,LNU,2015,2015-07-21,2015-08-04,8049.33447265625
NICKOWITZ,001470,USF,SRF,2015,2015-07-31,2015-11-01,7576.04541015625
CABIN SEQ,002313,USF,SQF,2015,2015-07-18,2015-11-22,6996.18603515625
GROVES,002066,USF,SRF,2015,2015-07-29,2015-10-29,6803.03076171875
ROUND,001662,CDF,BDU,2015,2015-02-06,2015-02-08,6537.5185546875
PEAK SHA,002067,USF,SHF,2015,2015-07-29,2015-10-29,6273.94921875
WILLOW,00001689,USF,SNF,2015,2015-07-24,2015-08-19,5701.34130859375
COON,001488,USF,SRF,2015,2015-07-31,2015-10-30,5682.626953125
FROG,000570,USF,MDF,2015,2015-07-29,2015-08-06,4862.16455078125
NORTH,090001,USF,BDF,2015,2015-07-16,2015-07-16,4249.09326171875
PELLETREAU,002108,USF,SHF,2015,2015-07-29,2015-10-08,4109.5390625
WALKER,001319,USF,INF,2015,2015-08-13,2015-10-30,3815.8857421875
DOG,002067,USF,SHF,2015,2015-07-29,2015-10-04,3276.482421875
TESLA,005524,CDF,SCU,2015,2015-08-18,2015-08-31,2989.92529296875
BLUE,002067,USF,SHF,2015,2015-07-29,2015-10-29,2828.0283203125
CUESTA,008555,CDF,SLU,2015,2015-08-15,2015-08-27,2445.944580078125
LOWELL,017851,CDF,NEU,2015,2015-07-24,2015-08-11,2315.629638671875
PARKHILL,006113,CDF,SLU,2015,2015-06-19,2015-06-23,1812.3150634765625
PINE 1-44,005606,CDF,HUU,2015,2015-07-29,2015-09-07,1773.2467041015625
MCCABE,013970,CDF,MMU,2015,2015-07-17,2015-07-21,1728.9737548828125
SADDLE,001371,USF,SHF,2015,2015-06-08,2015-10-29,1542.966552734375
EAST,002066,USF,SRF,2015,2015-07-29,2015-10-29,1530.954833984375
CABIN,003611,USF,ANF,2015,2015-08-13,2015-09-01,1461.8443603515625
STEELHEAD 1-54,005606,CDF,HUU,2015,2015-07-29,2015-09-07,1403.443603515625
SOLIMAR,009187,CCO,VNC,2015,2015-12-24,2015-12-28,1287.38818359375
TASSAJARA,004217,CDF,BEU,2015,2015-09-18,2015-09-28,1075.519287109375
HIGHWAY,044605,CDF,RRU,2015,2015-04-17,2015-04-23,1048.6893310546875
LUMPKIN,013357,CDF,BTU,2015,2015-09-10,2015-09-20,1045.7562255859375
SOBERANES,003422,CDF,BEU,2016,2016-07-21,2016-10-12,132104.28125
ERSKINE,001415,BLM,CND,2016,2016-06-22,2016-06-29,48008.3515625
CHIMNEY,008948,CDF,SLU,2016,2016-08-12,2016-09-08,46233.91796875
SAND,003008,USF,ANF,2016,2016-07-21,2016-08-06,41382.859375
BLUE CUT,010468,USF,BDF,2016,2016-08-15,2016-08-25,36266.6953125
REY,002809,USF,LPF,2016,2016-08-17,2016-09-14,32580.435546875
CEDAR,002595,USF,SQF,2016,2016-08-15,2016-08-15,29100.55859375
CANYON,NA,DOD,AFV,2016,NA,2016-09-27,12713.6220703125
BORDER 3,014498,CDF,MVU,2016,2016-06-18,2016-07-06,7606.0263671875
SHERPA ,001643,USF,LPF,2016,2016-06-14,2016-07-10,7465.75146484375
MINERAL,011358,CDF,FKU,2016,2016-08-07,2016-08-18,6790.29296875
COLD,007135,CDF,LNU,2016,2016-08-01,2016-08-08,5730.07470703125
TRAILHEAD,015200,USF,ENF,2016,2016-06-27,2016-11-07,5644.68017578125
OWENS RIVER,001763,USF,INF,2016,2016-09-16,2016-11-17,5461.39208984375
LOMA ,006912,CDF,SCU,2016,2016-09-25,2016-10-25,4474.12353515625
MEADOW,003456,USF,SQF,2016,2016-10-28,2016-11-24,4346.275390625
FISH,002419,USF,ANF,2016,2016-06-19,2016-07-02,4245.7939453125
CLAYTON,007582,CDF,LNU,2016,2016-08-12,2016-08-15,3928.029541015625
METZ,002369,CDF,BEU,2016,2016-05-21,2016-05-24,3856.601806640625
PONY,004500,USF,KNF,2016,2016-06-06,2016-12-14,2857.174560546875
CLARK,001415,USF,INF,2016,2016-08-03,2017-01-05,2822.046630859375
CURRY,009100,CDF,FKU,2016,2016-06-30,2016-07-03,2820.48046875
HIDDEN,003464,USF,SQF,2016,2016-10-28,2016-11-22,2767.802978515625
SLATE,003261,USF,SQF,2016,2016-10-03,2016-10-13,2614.711669921875
WILLARD,004695,CDF,LMU,2016,2016-09-10,2016-11-27,2573.955322265625
COLEMAN,001504,USF,LPF,2016,2016-06-03,2016-06-20,2522.638671875
SOUP 2,000906,USF,MDF,2016,2016-09-16,2016-12-11,2512.53857421875
PINE,001986,USF,LPF,2016,2016-06-29,2016-12-14,2300.254638671875
GOOSE,010852,CDF,FKU,2016,2016-07-29,2016-08-08,2241.010986328125
SACATA,002370,USF,SNF,2016,2016-10-10,2016-10-14,2099.057373046875
SODA,001171,BLM,CND,2016,2016-06-03,2016-06-03,2000.1192626953125
JACOBSON,003384,USF,SQF,2016,2016-10-19,2016-10-20,1704.502197265625
DEER,,CCO,KRN,2016,2016-06-30,2016-07-03,1563.4290771484375
SAWMILL,009129,CDF,LNU,2016,2016-09-24,2016-09-27,1546.701416015625
BOGART,105125,CDF,RRU,2016,2016-08-29,2016-09-01,1458.7027587890625
CHIMNEY,001134,BLM,CND,2016,2016-05-31,2016-06-09,1323.62744140625
DINOSAUR,012363,CDF,MMU,2016,2016-06-24,2016-06-25,1246.3189697265625
ROBLAR,NA,DOD,MCP,2016,NA,2016-07-24,1244.5
RESERVOIR,002417,USF,ANF,2016,2016-06-19,2016-07-02,1146.538818359375
LAKES,000041,NPS,YNP,2016,2016-06-25,2016-12-01,1000.7177124023438
THOMAS,00003583,USF,VNC,2017,2017-12-03,2018-01-11,281790.875
OAK,00006016,USF,KNF,2017,2017-08-10,2017-10-09,91125.328125
LONG VALLEY,00030366,BLM,NOD,2017,2017-07-10,2017-07-26,83581.4140625
DETWILER,00014474,CDF,MMU,2017,2017-07-15,2017-08-30,81826.2734375
WALLOW,00006029,USF,KNF,2017,2017-08-10,2017-11-12,63785.0703125
NUNS,00010049,CDF,LNU,2017,2017-10-07,2017-10-30,55798.19140625
ATLAS,00010105,CDF,LNU,2017,2017-10-07,2017-10-31,51624.65625
GARZA,00009755,CDF,FKU,2017,2017-07-08,2017-07-24,48886.6640625
STEELE,00000776,USF,MDF,2017,2017-07-25,2017-08-12,45704.01171875
TUBBS,00010104,CDF,LNU,2017,2017-10-07,2017-10-31,36701.984375
PIER,00002385,USF,SQF,2017,2017-08-28,2017-08-29,36619.42578125
REDWOOD VALLEY,00012172,CDF,LNU,2017,2017-10-07,2017-10-24,36522.9453125
ABNEY,00000568,USF,RRS,2017,2017-08-09,2018-01-09,32893.26171875
COVE,00000722,USF,MDF,2017,2017-07-24,2017-09-05,30890.861328125
ALAMO,00007624,CDF,SLU,2017,2017-07-05,2017-07-19,28834.171875
HAYPRESS,00000914,USF,SRF,2017,2017-08-09,2017-10-15,21317.931640625
LION,00002753,USF,SQF,2017,2017-09-24,2017-11-01,18913.576171875
R-4 PARSNIP,00005180,BLM,NOD,2017,2017-08-29,2017-09-14,18601.98046875
HELENA,00001770,USF,SHF,2017,2017-08-29,2017-11-13,18493.70703125
WHITTIER,00001770,USF,LPF,2017,2017-07-07,2017-12-20,18412.404296875
POCKET,00010104,CDF,LNU,2017,2017-10-07,2017-10-31,17359.328125
CASCADE,00026269,CDF,NEU,2017,2017-10-07,2017-10-25,16140.798828125
SCHAEFFER,00001317,USF,SQF,2017,2017-06-23,2017-11-14,15833.2119140625
CREEK,00362189,CCO,LAC,2017,2017-12-04,2017-12-04,15619.146484375
BUCK,00001850,USF,SHF,2017,2017-09-11,2017-10-29,13357.2822265625
RAILROAD,00001743,USF,SNF,2017,2017-08-28,2017-11-17,12371.1484375
ELM,00006727,CDF,FKU,2017,2017-05-17,2017-05-22,11146.7548828125
CANYON II,17110494,CCO,ORC,2017,2017-10-08,2017-10-16,9198.0283203125
CEDAR,00005915,USF,KNF,2017,2017-08-07,2017-10-09,9129.376953125
SLINKARD,00001478,BLM,CND,2017,2017-08-28,2017-09-20,8923.4951171875
EMPIRE,00000084,NPS,YNP,2017,2017-07-30,2017-11-26,8577.5517578125
CHEROKEE,00015933,CDF,BTU,2017,2017-10-07,2017-11-04,8415.802734375
PARKER2 ,00000862,USF,MDF,2017,2017-08-02,2017-08-14,7693.3193359375
SOUTH FORK,00000108,NPS,YNP,2017,2017-08-12,2017-11-02,7560.07666015625
LA TUNA,00000965,CCO,LDF,2017,2017-08-31,2017-09-07,7051.35107421875
MANZANITA,00078840,CDF,RRU,2017,2017-06-25,2017-06-29,6303.65869140625
RYE,00362441,CCO,LAC,2017,2017-12-04,2017-12-12,6047.71875
MUD,00005152,BLM,NOD,2017,2017-08-28,2017-09-10,6036.06494140625
WALL,00010975,CDF,BTU,2017,2017-07-06,2017-08-02,6028.48974609375
JAYNE,00005281,CDF,FKU,2017,2017-04-19,2017-04-20,4533.28369140625
LAKE,00000794,USF,MDF,2017,2017-07-26,2017-08-30,4490.60693359375
MCCORMICK,00002263,USF,STF,2017,2017-08-17,2017-11-15,4423.20849609375
MINERVA 5,00001043,USF,PNF,2017,2017-07-28,2017-08-15,4339.35498046875
UKONOM,00000728,USF,SRF,2017,2017-07-24,2017-10-14,4240.97412109375
LILAC,00024612,CDF,MVU,2017,2017-12-06,2017-12-23,4080.61474609375
PONDEROSA,00013737,CDF,BTU,2017,2017-08-28,2017-10-27,4015.732421875
PALMER,00108660,CDF,RRU,2017,2017-09-01,2017-09-05,3872.15185546875
FORK,00001555,USF,SHF,2017,2017-08-06,2017-11-14,3372.920166015625
WILLIE,00000877,USF,SRF,2017,2017-08-06,2017-08-21,3140.099609375
HAWK,01726219,CCO,KRN,2017,2017-07-06,2017-07-06,2940.49560546875
CANYON I,17105068,CCO,ORC,2017,2017-09-24,2017-09-30,2661.415283203125
WINTER,00006262,CDF,LNU,2017,2017-07-05,2017-07-11,2366.23486328125
INDIAN,00001264,USF,INF,2017,2017-08-02,2017-08-30,2294.246826171875
ROADRUNNER,00000441,CDF,TUU,2017,2017-07-29,2017-07-31,2284.595947265625
SULPHER,00010055,CDF,LNU,2017,2017-10-08,2017-10-24,2206.230224609375
GATE,00012098,CDF,MVU,2017,2017-05-19,2017-05-22,1912.9056396484375
PARKFIELD,00003551,CDF,BEU,2017,2017-07-07,2017-07-07,1821.7723388671875
CREEK ,00002590,USF,STF,2017,2017-09-02,2017-09-11,1747.8695068359375
WRIGHT,00009464,CDF,MMU,2017,2017-05-11,2017-05-12,1730.4664306640625
37,00010393,CDF,LNU,2017,2017-10-07,2017-10-16,1657.369384765625
PARK,00010248,CDF,FKU,2017,2017-07-16,2017-07-18,1648.70361328125
HILL,00007101,CDF,SLU,2017,2017-06-25,2017-06-29,1645.590576171875
BURNEY,00000752,USF,SRF,2017,2017-07-25,2017-10-15,1643.643310546875
ISLAND,00004540,USF,KNF,2017,2017-06-25,2017-08-31,1594.0338134765625
DERRICK,00009289,CDF,FKU,2017,2017-07-01,2017-07-04,1561.6630859375
DUTCHMAN,00000874,USF,SRF,2017,2017-08-06,2017-08-11,1522.7471923828125
HIGHWAY,00001223,USF,SQF,2017,2017-06-17,2017-09-25,1522.2593994140625
HOLCOMB,00009443,USF,BDF,2017,2017-06-18,2017-07-08,1505.4912109375
RIMROCK,00000656,USF,MDF,2017,2017-07-23,2017-11-28,1492.3978271484375
OAKWOOD,00011650,CDF,MMU,2017,2017-06-09,2017-06-12,1428.5325927734375
CALDWELL,00002435,USF,SQF,2017,2017-08-31,2017-10-22,1321.260009765625
GARDEN,00001989,USF,SQF,2017,2017-07-29,2017-11-03,1282.4669189453125
LATROBE,00021652,CDF,AEU,2017,2017-07-25,2017-07-25,1268.10986328125
HUDSON,01727936,CCO,KRN,2017,2017-07-17,2017-07-17,1182.30126953125
CHILCOOT,00000992,USF,TNF,2017,2017-08-05,2017-08-06,1019.9922485351562
RANCH,00008646,CDF,LNU,2018,2018-07-26,2018-09-18,410202.46875
CARR ,00007808,CDF,SHU,2018,2018-07-22,2018-08-31,229651.40625
CAMP,00016737,CDF,BTU,2018,2018-11-07,2018-11-25,153335.5625
WOOLSEY,00338981,CCO,LAC,2018,2018-11-07,2018-11-07,96949
FERGUSON,00000745,USF,SNF,2018,2018-07-12,2018-11-27,96900.0390625
COUNTY,00009502,CDF,LNU,2018,2018-06-29,2018-07-10,89831.1484375
RIVER,00008653,CDF,LNU,2018,2018-07-26,2018-08-09,48920.390625
HIRZ,00001223,USF,SHF,2018,2018-08-08,2018-09-14,40608.43359375
STONE,00001193,USF,MDF,2018,2018-08-14,2018-08-28,39579.4296875
NATCHEZ,00000348,USF,RRS,2018,2018-10-18,2018-12-17,38117.8515625
KLAMATHON,00004641,CDF,SKU,2018,2018-07-04,2018-07-20,38008.7890625
HOLY,00002664,USF,CNF,2018,2018-08-05,2018-10-16,23025
WHALEBACK,00003951,USF,LNF,2018,2018-08-04,2018-08-05,18701.8984375
PAWNEE,00009002,CDF,LNU,2018,2018-06-22,2018-07-04,15196
LIONS,00000493,USF,INF,2018,2018-06-18,2018-11-27,13462.7421875
WAVERLY,00007477,CDF,TCU,2018,2018-06-28,2018-08-08,11759.6181640625
BOOT,00030600,USF,HTF,2018,2018-09-13,2018-09-16,6972.251953125
MOORE,00001224,USF,SHF,2018,2018-08-08,2018-09-14,5574.37939453125
ALDER,00002733,USF,SQF,2018,2018-10-03,2018-12-16,4652.92529296875
PLANADA,00012081,CDF,MMU,2018,2018-06-14,2018-06-14,4564.0947265625
HILL,00090993,CCO,VNC,2018,2018-11-07,2018-11-21,4310.05517578125
SUN,00009672,CDF,TGU,2018,2018-10-07,2018-10-07,3866.8876953125
MILL CREEK 1,00000115,BIA,HIA,2018,2018-09-04,2018-09-05,3676.682861328125
TARINA,01831160,CCO,KRN,2018,2018-08-02,2018-08-03,3516.16259765625
LANE,00006031,CDF,TGU,2018,2018-06-23,2018-06-23,3416.660888671875
CHARLIE,00288255,CCO,LAC,2018,2018-09-21,2018-09-22,3350.5283203125
GEORGES,00001071,USF,INF,2018,2018-07-07,2018-09-01,2942.354248046875
APPLE,0005555,CDF,TGU,2018,2018-06-08,2018-06-08,2725.726318359375
SNELL,0014193,CDF,LNU,2018,2018-09-07,2018-09-14,2488.218017578125
CHROME2,00005560,CDF,TGU,2018,2018-06-08,2018-06-08,2259.09521484375
TURKEY,00003889,CDF,BEU,2018,2018-08-05,2018-08-06,2222.978515625
NELSON,00012354,CDF,LNU,2018,2018-08-09,2018-08-11,2158.429443359375
EAGLE,00003575,BLM,NOD,2018,2018-07-13,2018-08-05,2097.87548828125
PLEASANT,00002752,CDF,BDU,2018,2018-02-17,2018-02-24,2075.6962890625
EDEN,,NPS,KNP,2018,2018-10-03,2018-12-03,1777.2315673828125
HAT ,00008470,CDF,SHU,2018,2018-08-08,2018-08-11,1769.33544921875
KERLIN,00001438,USF,SHF,2018,2018-09-03,2018-09-16,1752.5657958984375
NEES,00008764,CDF,MMU,2018,2018-05-01,2018-05-01,1739.0689697265625
STONE,00001898,USF,ANF,2018,2018-06-03,2018-06-14,1435.6956787109375
STONE,00166129,CCO,LAC,2018,2018-06-03,2018-06-04,1350.6474609375
VALLEY,00009683,CDF,BDU,2018,2018-07-05,2018-07-19,1343.2081298828125
AIRLINE,00002666,CDF,BEU,2018,2018-06-20,2018-06-21,1312.8408203125
MOUNTAINEER,00002786,USF,SQF,2018,2018-10-12,2018-12-16,1270.351806640625
PATTERSON,00062932,CDF,RRU,2018,2018-05-16,2018-05-17,1260.9869384765625
MOFFAT,00005618,CDF,BDU,2018,2018-04-18,2018-04-22,1253.9246826171875
BUTTE,00018412,LRA,NEU,2018,2018-07-30,2018-08-01,1237.5697021484375
DUMP,00006586,CDF,SHU,2018,2018-06-23,2018-06-26,1220.089111328125
NORTH,00001355,USF,TNF,2018,2018-09-02,2018-10-16,1120.0267333984375
FRONT,00002334,USF,LPF,2018,2018-08-18,2018-11-06,1014.5042724609375
KINCADE,00019376,CDF,LNU,2019,2019-10-22,2019-11-09,77762.140625
WALKER,00001324,USF,PNF,2019,2019-09-03,2020-01-14,54614.90234375
TUCKER,00000509,USF,MDF,2019,2019-07-27,2019-09-16,14184.6611328125
TABOOSE,00002018,USF,INF,2019,2019-09-03,2019-11-22,10267.6318359375
MARIA,00090135,CCO,VNC,2019,2019-10-30,2019-11-04,10042.458984375
RED BANK,00009386,CDF,TGU,2019,2019-09-04,2019-09-14,8822.0244140625
SADDLE RIDGE,00001582,LRA,LDF,2019,2019-10-09,2019-10-30,8799.3251953125
SPRINGS,00001465,USF,INF,2019,2019-07-25,2019-12-17,6614.63427734375
LONE,00000836,USF,MDF,2019,2019-09-04,2019-12-01,5737.15966796875
BRICEBURG,00021257,CDF,MMU,2019,2019-10-05,2019-10-19,5508.35009765625
SOUTH,00001209,USF,SHF,2019,2019-09-04,2019-12-01,5333.99072265625
TICK,NA,CCO,LAC,2019,2019-10-23,2019-10-30,4581.7392578125
CAPLES,00030945,USF,ENF,2019,2019-10-09,2019-12-09,3441.76611328125
R1 RANCH,00004869,BLM,NOD,2019,2019-08-27,2019-09-03,3379.2861328125
REFUGE,01918282,CCO,KRN,2019,2019-05-06,2019-05-08,3332.430908203125
CAVE,00002908,USF,LPF,2019,2019-11-24,2019-12-13,3125.905517578125
RANCH,00011766,CDF,TGU,2019,2019-11-02,2019-11-13,2534.2109375
LONOAK,00003696,CDF,BEU,2019,2019-06-24,2019-06-24,2520.878662109375
LONG VALLEY,00030580,BLM,CCD,2019,2019-08-23,2019-08-25,2438.54248046875
SAND,00009880,CDF,LNU,2019,2019-06-07,2019-06-12,2422.017578125
ROCK,00004384,CDF,SCU,2019,2019-06-25,2019-06-29,2233.890625
TENAJA,00113828,CDF,RRU,2019,2019-09-03,2019-09-13,1939.5357666015625
COW,00001435,USF,INF,2019,2019-07-24,2019-11-20,1875.9881591796875
LIME,00007074,USF,KNF,2019,2019-09-04,2019-12-02,1873.9371337890625
EASY,00089158,CCO,VNC,2019,2019-10-29,2019-11-12,1806.2337646484375
MCMILLIAN,00007684,CDF,SLU,2019,2019-06-11,2019-06-11,1763.820556640625
MIDDLE,00001196,USF,SHF,2019,2019-09-04,2019-12-02,1339.595458984375
BOULDER,00007315,CDF,SLU,2019,2019-06-04,2019-06-04,1110.8431396484375
W-1 MCDONALD,00004382,BLM,NOD,2019,2019-08-07,2019-08-11,1020.3250732421875
SANDALWOOD,00130233,CDF,RRU,2019,2019-10-09,2019-10-13,1008.1927490234375
AUGUST COMPLEX FIRES,00008864,USF,MNF,2020,2020-08-15,2020-11-10,1032699
SCU COMPLEX,00005740,CDF,SCU,2020,2020-08-15,2020-09-10,396399
CREEK,00001391,USF,SNF,2020,2020-09-03,2020-12-23,379882.25
NORTH COMPLEX,00001302,USF,PNF,2020,2020-08-16,2020-12-02,318776.6875
HENNESSEY,00013337,CDF,LNU,2020,2020-08-16,2020-09-15,305351.59375
SLATER,00007035,USF,KNF,2020,2020-09-07,2020-12-11,157429.765625
RED SALMON COMPLEX,00000643,USF,SRF,2020,2020-07-26,2020-11-18,143836.328125
DOLAN,00002428,USF,LPF,2020,2020-08-17,2020-12-30,124527.3125
BOBCAT,00003687,USF,ANF,2020,2020-09-05,2020-10-18,115997.9765625
CZU LIGHTNING COMPLEX,00005205,CDF,CZU,2020,2020-08-15,2020-09-23,86553.4609375
W-5 COLD SPRINGS,00004727,BLM,NOD,2020,2020-08-17,2020-09-12,84817.2734375
CALDWELL,00000479,NPS,BNP,2020,2020-07-21,2020-08-31,81224.3671875
GLASS,00015497,CDF,LNU,2020,2020-09-26,2020-10-19,67484.34375
ZOGG,00009978,CDF,SHU,2020,2020-09-26,2020-10-12,56338.05078125
WALLBRIDGE,00013407,CDF,LNU,2020,2020-08-16,2020-09-01,55208.890625
RIVER,00004024,CDF,BEU,2020,2020-08-15,2020-09-03,50213.8203125
LOYALTON,00001600,USF,TNF,2020,2020-08-13,2020-08-26,46720.8828125
DOME,00012356,NPS,MNP,2020,2020-08-14,2020-09-11,44211.0859375
APPLE,00096640,CDF,RRU,2020,2020-07-30,2020-08-08,33209.30859375
LAKE,00003273,USF,ANF,2020,2020-08-11,2020-08-29,30999.38671875
MINERAL,00010219,CDF,FKU,2020,2020-07-12,2020-07-25,29666.9609375
SHEEP,00001299,USF,PNF,2020,2020-08-16,2020-09-06,29541.12109375
SLINK,00030684,USF,HTF,2020,2020-08-28,2020-11-12,26751.677734375
GOLD,00003917,CDF,LMU,2020,2020-07-19,2020-10-28,22652.55859375
MOUNTAIN VIEW,00030860,BLM,CND,2020,2020-11-16,2020-11-29,20374.48828125
VALLEY,00002833,USF,CNF,2020,2020-09-04,2020-09-23,16389.529296875
BLUE RIDGE,20121612,CDF,ORC,2020,2020-10-25,2020-11-01,13694.5302734375
SILVERADO,20121364,CDF,ORC,2020,2020-10-25,2020-11-01,12469.2001953125
BACCARAT,00030788,BLM,CCD,2020,2020-10-03,2020-10-10,10456.36328125
HOG,00003874,CDF,LMU,2020,2020-07-17,2020-08-27,9566.35546875
NADEAU,00011339,BLM,CDD,2020,2020-07-28,2020-08-03,9150.3681640625
RATTLESNAKE,00000080,NPS,KNP,2020,2020-08-15,2020-12-27,8422.8369140625
STAGECOACH,02033315,CCO,KRN,2020,2020-08-02,2020-08-02,7750.63720703125
CARMEL,00004081,CDF,BEU,2020,2020-08-17,2020-09-05,6996.94189453125
BLUEJAY,00000054,NPS,YNP,2020,2020-07-24,2020-11-18,6921.9873046875
NORTH,00030547,BLM,CCD,2020,2020-08-01,2020-08-09,6882.26708984375
BOND,20136890,CDF,ORC,2020,2020-12-02,2020-12-06,6681.10107421875
SNOW,00119353,CDF,RRU,2020,2020-09-16,2020-09-23,6253.43701171875
CREWS,00004686,CDF,SCU,2020,2020-07-04,2020-07-14,5513
GRANT FIRE,00016543,CDF,AEU,2020,2020-06-11,2020-06-11,5062.1982421875
WOODWARD,00012009,NPS,RNP,2020,2020-08-17,2020-11-19,4901.70751953125
RANCH2,00003289,USF,ANF,2020,2020-08-12,2020-09-30,4119.203125
BEACH,00002140,USF,INF,2020,2020-08-15,2020-08-26,3668.427001953125
BRANCH,00009669,CDF,SLU,2020,2020-07-27,2020-08-02,2922.2041015625
BENA,02027271,CCO,KRN,2020,2020-06-30,2020-07-04,2884.443115234375
MOC,00009457,CDF,TCU,2020,2020-08-19,2020-09-04,2857.60498046875
LAURA 2,00006431,BLM,NOD,2020,2020-11-16,2020-11-22,2729.016357421875
MEYERS,00013481,CDF,LNU,2020,2020-08-16,2020-09-01,2360.2490234375
HOLSER,00066767,CCO,VNC,2020,2020-08-16,2020-08-21,2188.634033203125
PASS,00013431,CDF,MMU,2020,2020-06-27,2020-06-30,2163.662109375
HILLS,00012279,CDF,FKU,2020,2020-08-14,2020-09-26,2120.97998046875
WOLF,00000075,NPS,YNP,2020,2020-08-09,2020-11-18,2057.288330078125
FOX,00007241,USF,KNF,2020,2020-09-13,2020-09-27,2027.5526123046875
POND,00009866,CDF,SLU,2020,2020-07-31,2020-08-08,1962.3289794921875
SANDERSON,00160421,CDF,RRU,2020,2020-12-12,2020-12-13,1954.6510009765625
QUAIL,00008419,CDF,LNU,2020,2020-06-05,2020-06-17,1840.998046875
FORK,00027219,USF,ENF,2020,2020-09-07,2020-11-07,1668.4493408203125
SODA,00007149,CDF,SLU,2020,2020-06-09,2020-06-09,1653.114990234375
SALT,00009353,CDF,TCU,2020,2020-08-17,2020-08-27,1593.7320556640625
SOLEDAD,00197926,CCO,LAC,2020,2020-07-04,2020-07-06,1525.5352783203125
COYOTE,00003441,CDF,BEU,2020,2020-07-14,2020-07-17,1485.074951171875
WALKER,00006494,CDF,TCU,2020,2020-06-15,2020-06-22,1398.0040283203125
DALTON ,00000498,USF,MDF,2020,2020-07-22,2020-08-14,1367.07763671875
SCORPION,00001216,NPS,CNP,2020,2020-05-30,2020-06-04,1320.7232666015625
MORAINE,00000091,NPS,KNP,2020,2020-08-20,2020-12-28,1316.0328369140625
WILLOWS,00021423,CDF,NEU,2020,2020-09-08,2020-10-12,1309.0899658203125
OAK,00010700,CDF,MEU,2020,2020-09-06,2020-09-27,1146.4659423828125
AIRPORT,00154602,CDF,RRU,2020,2020-11-30,2020-12-12,1085.699951171875
IVANPAH,00009202,NPS,MNP,2020,2020-06-21,2020-06-25,1051.4815673828125
GRADE,00000298,CDF,TUU,2020,2020-06-21,2020-06-24,1050.239990234375
ALLEN,00000470,USF,MDF,2020,2020-07-20,2020-08-26,1034.7943115234375
